{"stopped_epoch":80,"stopped_early":true,"best_epoch":70,"samples/mean_mse":0.009761324152350426,"final_eval_loss":0.20400132115479488,"config_hash":"0e2d6c0fbe7db77179ed873b4db56043","final_train_loss":0.2023000033797732,"epoch/epoch":80,"samples/var mse":0.1169005036354065,"batch/loss":0.22480779886245728,"best_loss":0.202090525513242,"batch/step":12558,"epoch/learning_rate":0.0002,"total_time":63.569899797439575,"_wandb":{"runtime":68},"_step":12560,"_timestamp":1.743792173634985e+09,"epoch/train_loss":0.2023000033797732,"batch/epoch":80,"_runtime":68.502735762,"epoch/eval_loss":0.20400132115479488}