{"epoch/train_loss":0.5955749408454653,"_step":15700,"batch/loss":0.6071897149085999,"best_loss":0.5949075256183649,"_timestamp":1.7437925430491154e+09,"final_eval_loss":0.5949075256183649,"_wandb":{"runtime":80},"epoch/epoch":100,"batch/epoch":100,"epoch/learning_rate":0.0002,"epoch/eval_loss":0.5949075256183649,"total_time":79.37108135223389,"_runtime":80.598900913,"batch/step":15698,"config_hash":"9f2efc4e9b79a93b29dd7f53d2fd9161","samples/mean_mse":0.04917430132627487,"final_train_loss":0.5955749408454653,"samples/var mse":6.6855902671813965,"best_epoch":100}