{"samples/var mse":0.8237175941467285,"_wandb":{"runtime":80},"samples/mean_mse":0.014774911105632782,"epoch/learning_rate":0.0002,"_runtime":80.604016864,"best_epoch":100,"epoch/train_loss":0.40294269012038114,"final_eval_loss":0.40272310565991004,"_step":15700,"total_time":79.42904949188232,"epoch/epoch":100,"epoch/eval_loss":0.40272310565991004,"best_loss":0.40272310565991004,"batch/epoch":100,"batch/loss":0.40914052724838257,"final_train_loss":0.40294269012038114,"batch/step":15698,"config_hash":"31c29951af3f473fbd7b60af5dbe7ef7","_timestamp":1.743792255170387e+09}