{"_step":15700,"samples/mean_mse":0.029892321676015854,"_timestamp":1.7437923798589633e+09,"epoch/train_loss":0.4834895327592352,"batch/epoch":100,"epoch/epoch":100,"batch/step":15698,"best_epoch":100,"final_eval_loss":0.48156124144602735,"config_hash":"718697983249ec8e201ba2808157b82e","final_train_loss":0.4834895327592352,"epoch/eval_loss":0.48156124144602735,"batch/loss":0.4773283898830414,"total_time":79.10123658180237,"best_loss":0.48156124144602735,"_runtime":84.02753737,"samples/var mse":2.1132049560546875,"epoch/learning_rate":0.0002,"_wandb":{"runtime":84}}