{"epoch/eval_loss":0.20400132115479488,"_timestamp":1.743791849132663e+09,"batch/loss":0.22480779886245728,"total_time":63.50126814842224,"epoch/learning_rate":0.0002,"final_eval_loss":0.20400132115479488,"_runtime":68.452045446,"epoch/epoch":80,"best_epoch":70,"best_loss":0.202090525513242,"final_train_loss":0.2023000033797732,"stopped_epoch":80,"batch/epoch":80,"stopped_early":true,"samples/var mse":0.1169005036354065,"_step":12560,"_wandb":{"runtime":68},"batch/step":12558,"config_hash":"0e2d6c0fbe7db77179ed873b4db56043","epoch/train_loss":0.2023000033797732,"samples/mean_mse":0.009761324152350426}