Generator,Mean,Kernel mean,GNN,Median-GNN,ResNet-GNN,Tx
Direct Sinkhorn,0.049649427589224505,0.13632775170350878,0.08850228184184031,0.1040062944119786,0.05028607459488182,0.06376938462210081
Direct SW,0.029405642320121057,0.042247781309916715,0.06517481541141495,0.07047829870154936,0.028231923166521143,0.043769048031818227
CVAE,0.15910950203824578,0.1620731013803171,0.19161928304715695,0.1951267940111239,0.15249315746716852,0.17260403291599322
DDPM,0.03168203120409225,0.03530844156018829,0.055389882749844424,0.05420039029047758,0.020519801131751194,0.07392471324335143
Wormhole,0.1377903941721158,0.15293699522042628,0.7207654596993267,0.4853427213135315,0.1408965904268701,0.20163825243347766
