,encoder,corr
0,ConvDistributionEncoder,0.9776456538804298
1,MNISTPCAEncoder,0.8660948240157128
2,WormholeEncoder,0.8943472769014842
3,KMEEncoder,0.18764691075228673
