,encoder,corr
0,ConvDistributionEncoder,0.9763079017126264
1,MNISTPCAEncoder,0.865042114183793
2,WormholeEncoder,0.9043439381985247
3,KMEEncoder,0.24534069754190602
