{"samples/mean_mse":0.03799211606383324,"batch/epoch":100,"samples/var mse":3.186884641647339,"_runtime":80.395856187,"config_hash":"d1252d181fa6c05c80d0ddcaec58dacc","_timestamp":1.743792461226931e+09,"best_epoch":100,"batch/loss":0.5494974851608276,"total_time":79.09028339385986,"best_loss":0.5229036052515552,"epoch/train_loss":0.5241568113208577,"_step":15700,"final_eval_loss":0.5229036052515552,"epoch/eval_loss":0.5229036052515552,"epoch/learning_rate":0.0002,"_wandb":{"runtime":80},"batch/step":15698,"final_train_loss":0.5241568113208577,"epoch/epoch":100}